tap,delay_ms,ls_from_sync_power,ls_from_probe_power,sync_correlation_power
-10,-1.0417,3.396733e-04,4.598897e-04,3.670221e+00
-9,-0.9375,1.493888e-03,1.733329e-03,1.126163e+01
-8,-0.8333,3.030053e-03,3.337802e-03,2.030634e+01
-7,-0.7292,3.922102e-03,4.107480e-03,2.528981e+01
-6,-0.6250,4.366125e-03,4.426212e-03,2.867466e+01
-5,-0.5208,5.355602e-03,5.465099e-03,3.594431e+01
-4,-0.4167,6.611999e-03,6.745299e-03,4.340107e+01
-3,-0.3125,7.012025e-03,7.036302e-03,4.445795e+01
-2,-0.2083,7.244272e-03,7.320154e-03,4.662787e+01
-1,-0.1042,9.629277e-03,9.749578e-03,6.390120e+01
0,0.0000,1.361888e-02,1.384241e-02,8.921329e+01
1,0.1042,1.489909e-02,1.511456e-02,9.432992e+01
2,0.2083,1.090658e-02,1.092299e-02,6.597762e+01
3,0.3125,4.594895e-03,4.466365e-03,2.580769e+01
4,0.4167,7.178512e-04,6.881773e-04,3.555601e+00
5,0.5208,3.897079e-04,4.739479e-04,3.475476e+00
6,0.6250,1.123589e-03,1.222635e-03,8.898155e+00
7,0.7292,1.067291e-03,1.223561e-03,8.684158e+00
8,0.8333,6.324500e-04,7.427027e-04,5.268285e+00
9,0.9375,4.647574e-04,5.243757e-04,3.001351e+00
10,1.0417,3.805536e-04,4.225883e-04,1.770871e+00
11,1.1458,1.917841e-04,2.228611e-04,9.562413e-01
12,1.2500,7.661155e-05,1.512331e-04,1.189728e+00
13,1.3542,1.213036e-04,2.024106e-04,1.997048e+00
14,1.4583,1.596255e-04,2.542669e-04,2.039402e+00
15,1.5625,1.038942e-04,2.021324e-04,1.325948e+00
16,1.6667,7.476609e-05,1.631665e-04,1.071495e+00
17,1.7708,1.877412e-04,2.716801e-04,2.064492e+00
18,1.8750,4.526869e-04,5.173558e-04,4.050290e+00
19,1.9792,7.974019e-04,8.704359e-04,6.225199e+00
20,2.0833,1.121857e-03,1.226708e-03,8.280301e+00
21,2.1875,1.478634e-03,1.598948e-03,1.085390e+01
22,2.2917,1.993444e-03,2.231253e-03,1.409523e+01
23,2.3958,2.434362e-03,2.625368e-03,1.618966e+01
24,2.5000,2.435257e-03,2.540535e-03,1.494675e+01
25,2.6042,1.895376e-03,1.934350e-03,1.077132e+01
26,2.7083,1.196415e-03,1.172075e-03,6.452794e+00
27,2.8125,6.825130e-04,6.967617e-04,3.975712e+00
28,2.9167,4.497219e-04,4.652257e-04,2.951082e+00
29,3.0208,3.111995e-04,3.147023e-04,2.208494e+00
